<?xml version="1.0" encoding="UTF-8" standalone="no"?>
<catalog prefer="public" xmlns="urn:oasis:names:tc:entity:xmlns:xml:catalog">
    <group id="Folder Repository, directory=, recursive=true, Auto-Update=true, version=2" prefer="public" xml:base="">
        <uri id="Automatically generated entry, Timestamp=1365677082737" name="http://www.reactome.org/biopax/159879#" uri="Escherichia%20coli.owl"/>
        <uri id="Automatically generated entry, Timestamp=1365677082737" name="http://www.reactome.org/biopax/1602494#" uri="Bacillus%20thermoproteolyticus.owl"/>
        <uri id="Automatically generated entry, Timestamp=1365677082737" name="http://www.reactome.org/biopax/164493#" uri="Human%20immunodeficiency%20virus%201.owl"/>
        <uri id="Automatically generated entry, Timestamp=1365677082737" name="http://www.reactome.org/biopax/164922#" uri="Felis%20catus.owl"/>
        <uri id="Automatically generated entry, Timestamp=1365677082737" name="http://www.reactome.org/biopax/165203#" uri="Human%20immunodeficiency%20virus%202.owl"/>
        <uri id="Automatically generated entry, Timestamp=1365677082737" name="http://www.reactome.org/biopax/168245#" uri="Influenza%20A%20virus.owl"/>
        <uri id="Automatically generated entry, Timestamp=1365677082737" name="http://www.reactome.org/biopax/168825#" uri="Clostridium%20botulinum.owl"/>
        <uri id="Automatically generated entry, Timestamp=1365677082737" name="http://www.reactome.org/biopax/170905#" uri="Arabidopsis%20thaliana.owl"/>
        <uri id="Automatically generated entry, Timestamp=1365677082737" name="http://www.reactome.org/biopax/170928#" uri="Plasmodium%20falciparum.owl"/>
        <uri id="Automatically generated entry, Timestamp=1365677082737" name="http://www.reactome.org/biopax/170941#" uri="Dictyostelium%20discoideum.owl"/>
        <uri id="Automatically generated entry, Timestamp=1365677082737" name="http://www.reactome.org/biopax/176806#" uri="Mycobacterium%20tuberculosis.owl"/>
        <uri id="Automatically generated entry, Timestamp=1365677082737" name="http://www.reactome.org/biopax/180800#" uri="Neisseria%20meningitidis%20serogroup%20B.owl"/>
        <uri id="Automatically generated entry, Timestamp=1365677082737" name="http://www.reactome.org/biopax/180808#" uri="Neisseria%20meningitidis.owl"/>
        <uri id="Automatically generated entry, Timestamp=1365677082737" name="http://www.reactome.org/biopax/181384#" uri="Chlamydia%20trachomatis.owl"/>
        <uri id="Automatically generated entry, Timestamp=1365677082737" name="http://www.reactome.org/biopax/186860#" uri="Oryza%20sativa.owl"/>
        <uri id="Automatically generated entry, Timestamp=1365677082737" name="http://www.reactome.org/biopax/188092#" uri="Toxoplasma%20gondii.owl"/>
        <uri id="Automatically generated entry, Timestamp=1365677082737" name="http://www.reactome.org/biopax/205621#" uri="Xenopus%20tropicalis.owl"/>
        <uri id="Automatically generated entry, Timestamp=1365677082737" name="http://www.reactome.org/biopax/3042819#" uri="Danio%20rerio.owl"/>
        <uri id="Automatically generated entry, Timestamp=1365677082737" name="http://www.reactome.org/biopax/3186838#" uri="Staphylococcus%20aureus%20N315.owl"/>
        <uri id="Automatically generated entry, Timestamp=1365677082737" name="http://www.reactome.org/biopax/425837#" uri="Sarcocystidae.owl"/>
        <uri id="Automatically generated entry, Timestamp=1365677082737" name="http://www.reactome.org/biopax/427306#" uri="Homarus%20americanus.owl"/>
        <uri id="Automatically generated entry, Timestamp=1365677082737" name="http://www.reactome.org/biopax/451465#" uri="Salmonella%20typhimurium.owl"/>
        <uri id="Automatically generated entry, Timestamp=1365677082737" name="http://www.reactome.org/biopax/48887#" uri="Homo%20sapiens.owl"/>
        <uri id="Automatically generated entry, Timestamp=1365677082737" name="http://www.reactome.org/biopax/48892#" uri="Mus%20musculus.owl"/>
        <uri id="Automatically generated entry, Timestamp=1365677082737" name="http://www.reactome.org/biopax/48895#" uri="Rattus%20norvegicus.owl"/>
        <uri id="Automatically generated entry, Timestamp=1365677082737" name="http://www.reactome.org/biopax/48898#" uri="Bos%20taurus.owl"/>
        <uri id="Automatically generated entry, Timestamp=1365677082737" name="http://www.reactome.org/biopax/48901#" uri="Ovis%20aries.owl"/>
        <uri id="Automatically generated entry, Timestamp=1365677082737" name="http://www.reactome.org/biopax/49130#" uri="Oryctolagus%20cuniculus.owl"/>
        <uri id="Automatically generated entry, Timestamp=1365677082737" name="http://www.reactome.org/biopax/49591#" uri="Gallus%20gallus.owl"/>
        <uri id="Automatically generated entry, Timestamp=1365677082737" name="http://www.reactome.org/biopax/49633#" uri="Sus%20scrofa.owl"/>
        <uri id="Automatically generated entry, Timestamp=1365677082737" name="http://www.reactome.org/biopax/49646#" uri="Canis%20familiaris.owl"/>
        <uri id="Automatically generated entry, Timestamp=1365677082737" name="http://www.reactome.org/biopax/51320#" uri="Xenopus%20laevis.owl"/>
        <uri id="Automatically generated entry, Timestamp=1365677082737" name="http://www.reactome.org/biopax/53305#" uri="Cercopithecus%20aethiops.owl"/>
        <uri id="Automatically generated entry, Timestamp=1365677082737" name="http://www.reactome.org/biopax/56210#" uri="Drosophila%20melanogaster.owl"/>
        <uri id="Automatically generated entry, Timestamp=1365677082737" name="http://www.reactome.org/biopax/62596#" uri="Cavia%20porcellus.owl"/>
        <uri id="Automatically generated entry, Timestamp=1365677082737" name="http://www.reactome.org/biopax/63514#" uri="Cricetulus%20griseus.owl"/>
        <uri id="Automatically generated entry, Timestamp=1365677082737" name="http://www.reactome.org/biopax/68320#" uri="Caenorhabditis%20elegans.owl"/>
        <uri id="Automatically generated entry, Timestamp=1365677082737" name="http://www.reactome.org/biopax/68322#" uri="Saccharomyces%20cerevisiae.owl"/>
        <uri id="Automatically generated entry, Timestamp=1365677082737" name="http://www.reactome.org/biopax/68324#" uri="Schizosaccharomyces%20pombe.owl"/>
        <uri id="Automatically generated entry, Timestamp=1365677082737" name="http://www.reactome.org/biopax/843126#" uri="Salmonella%20enterica.owl"/>
        <uri id="Automatically generated entry, Timestamp=1365677082737" name="http://www.reactome.org/biopax/877180#" uri="Staphylococcus%20aureus.owl"/>
        <uri id="Automatically generated entry, Timestamp=1365677082737" name="http://www.reactome.org/biopax/879683#" uri="Passeriformes.owl"/>
        <uri id="Automatically generated entry, Timestamp=1365677082737" name="http://www.reactome.org/biopax/879685#" uri="Passeroidea.owl"/>
        <uri id="Automatically generated entry, Timestamp=1365677082737" name="http://www.reactome.org/biopax/879689#" uri="Estrildidae.owl"/>
        <uri id="Automatically generated entry, Timestamp=1365677082737" name="http://www.reactome.org/biopax/879690#" uri="Staphylococcus%20aureus%20subsp.%20aureus.owl"/>
        <uri id="Automatically generated entry, Timestamp=1365677082737" name="http://www.reactome.org/biopax/879693#" uri="Taeniopygia%20guttata.owl"/>
        <uri id="Automatically generated entry, Timestamp=1365677082737" name="http://www.reactome.org/biopax/879695#" uri="Staphylococcus%20aureus%20subsp.%20aureus%20N315.owl"/>
    </group>
</catalog>
